tweet_id,favorites,retweet
892420643555336193,35565,7534
892177421306343426,30753,5589
891815181378084864,23129,3703
891689557279858688,38845,7709
891327558926688256,37102,8316
891087950875897856,18708,2787
890971913173991426,10869,1810
890729181411237888,59926,16856
890609185150312448,25744,3843
890240255349198849,29373,6554
890006608113172480,28331,6550
889880896479866881,25750,4460
889665388333682689,44288,8939
889638837579907072,24916,4000
889531135344209921,13995,2018
889278841981685760,23246,4767
888917238123831296,26839,4010
888804989199671297,23560,3781
888554962724278272,18195,3094
888078434458587136,20088,3102
887705289381826560,27937,4824
887517139158093824,42767,10544
887473957103951883,63353,16095
887343217045368832,31055,9388
887101392804085760,28272,5337
886983233522544640,32170,6849
886736880519319552,11042,2861
886680336477933568,20761,4005
886366144734445568,19504,2831
886267009285017600,110,4
886258384151887873,25821,5651
886054160059072513,0,99
885984800019947520,30055,6014
885528943205470208,33169,5716
885518971528720385,18887,3338
885311592912609280,0,16528
885167619883638784,20162,3903
884925521741709313,70962,16128
884876753390489601,25649,4983
884562892145688576,22420,4204
884441805382717440,24977,5091
884247878851493888,66876,18154
884162670584377345,18834,2676
883838122936631299,20146,3063
883482846933004288,42258,8838
883360690899218434,20908,3304
883117836046086144,34229,5953
882992080364220416,22044,3477
882762694511734784,26067,4372
882627270321602560,25856,5434
882268110199369728,41352,10349
882045870035918850,27072,4354
881906580714921986,22473,3043
881666595344535552,46748,9550
881633300179243008,115,7
881536004380872706,45648,14317
881268444196462592,21468,4733
880935762899988482,15795,2504
880872448815771648,19658,3430
880465832366813184,26279,5556
880221127280381952,24875,3725
880095782870896641,25507,3889
879862464715927552,20662,3119
879674319642796034,290,10
879492040517615616,21687,2853
879415818425184262,97653,39846
879376492567855104,15549,2805
879130579576475649,0,6093
879050749262655488,20820,4215
879008229531029506,17561,2399
878776093423087618,17889,3666
878604707211726852,27786,6342
878404777348136964,0,1146
878316110768087041,0,5948
878281511006478336,7140,1146
878057613040115712,38908,6093
877736472329191424,73108,16967
877611172832227328,0,71
877556246731214848,20977,3413
877316821321428993,25373,4670
877201837425926144,25042,4998
876838120628539392,19151,2991
876537666061221889,21923,4214
876484053909872640,17393,2124
876120275196170240,25908,4192
875747767867523072,23230,3830
875144289856114688,20311,4411
875097192612077568,25419,5474
875021211251597312,23629,4239
874680097055178752,25759,4173
874434818259525634,0,13075
874296783580663808,24158,3712
874057562936811520,21067,3589
874012996292530176,31724,9213
873580283840344065,22470,3556
873337748698140672,0,1426
873213775632977920,6641,1426
872967104147763200,25299,4887
872820683541237760,13682,3361
872620804844003328,19243,3286
872486979161796608,37849,8175
872122724285648897,31842,7316
871879754684805121,34880,9893
871762521631449091,18791,3153
871515927908634625,18764,3149
871166179821445120,0,5181
871102520638267392,19457,4995
871032628920680449,21179,3461
870804317367881728,31340,5626
870726314365509632,113,3
870656317836468226,11487,2380
870374049280663552,77381,24135
870308999962521604,20439,3767
870063196459192321,34057,7558
869772420881756160,39701,9227
869702957897576449,26346,5734
869596645499047938,14907,2841
869227993411051520,19068,3436
868880397819494401,61010,13146
868639477480148993,0,1886
868622495443632128,24893,4825
868552278524837888,9417,1886
867900495410671616,22648,3823
867774946302451713,31772,6712
867421006826221569,15059,2280
867072653475098625,0,110
867051520902168576,30142,7232
866720684873056260,18754,4391
866686824827068416,18050,3188
866450705531457537,114494,32322
866334964761202691,49071,13075
866094527597207552,0,7693
865718153858494464,24094,5171
865359393868664832,24830,4594
865006731092295680,26295,7086
864873206498414592,30294,7988
864279568663928832,13703,2773
864197398364647424,28133,8135
863907417377173506,19359,3817
863553081350529029,14358,3865
863471782782697472,0,2240
863432100342583297,22363,4833
863427515083354112,2079,89
863079547188785154,8257,1026
863062471531167744,7935,2240
862831371563274240,18037,4757
862722525377298433,16114,3276
862457590147678208,19233,4552
862096992088072192,69834,21426
861383897657036800,33995,9910
861288531465048066,16181,3830
861005113778896900,15752,3542
860981674716409858,0,1992
860924035999428608,0,740
860563773140209665,7086,1992
860524505164394496,22337,4929
860276583193509888,17394,3266
860184849394610176,15756,5437
860177593139703809,0,28737
859924526012018688,18541,3826
859851578198683649,14622,3275
859607811541651456,17641,1449
859196978902773760,84953,28097
859074603037188101,32022,12716
858860390427611136,0,7573
858843525470990336,14799,3245
858471635011153920,20438,4543
858107933456039936,14957,2711
857989990357356544,15259,2427
857746408056729600,32534,9968
857393404942143489,5597,1545
857263160327368704,19101,4252
857214891891077121,215,17
857062103051644929,0,157
857029823797047296,17942,3739
856543823941562368,15584,2711
856526610513747968,11321,1771
856330835276025856,0,630
856288084350160898,491,15
856282028240666624,26455,5923
855862651834028034,321,24
855860136149123072,4679,925
855857698524602368,11336,1992
855851453814013952,43764,17079
855818117272018944,25489,5130
855459453768019968,28478,7781
855245323840757760,0,5626
855138241867124737,0,43
854732716440526848,21770,5747
854482394044301312,28020,6480
854365224396361728,18106,4449
854120357044912130,30684,7088
854010172552949760,15604,2997
853760880890318849,27440,5470
853639147608842240,33310,9525
853299958564483072,14897,3394
852936405516943360,0,1894
852912242202992640,8683,1720
852672615818899456,14382,2060
852553447878664193,15712,3315
852311364735569921,31964,9504
852226086759018497,19302,6552
852189679701164033,11084,1524
851861385021730816,0,19
851591660324737024,15728,3324
851464819735769094,23453,6770
851224888060895234,20022,5511
850753642995093505,29776,8724
850380195714523136,12701,2498
850333567704068097,3349,315
850145622816686080,15825,3644
850019790995546112,19783,4680
849776966551130114,29451,7295
849668094696017920,0,4763
849412302885593088,15409,3030
849336543269576704,11097,1826
849051919805034497,41111,8153
848690551926992896,24472,4171
848324959059550208,24021,4456
848213670039564288,7943,699
848212111729840128,15873,2918
847978865427394560,0,3149
847971574464610304,0,420
847962785489326080,22886,4896
847842811428974592,5288,1280
847617282490613760,6802,401
847606175596138505,18280,3319
847251039262605312,19976,4183
847157206088847362,19361,5668
847116187444137987,20922,3081
846874817362120707,19579,3794
846514051647705089,43433,11156
846505985330044928,13755,2964
846153765933735936,30779,8742
846139713627017216,30283,9739
846042936437604353,15593,2772
845812042753855489,28482,8406
845677943972139009,24604,4659
845397057150107648,7451,1733
845306882940190720,22788,5219
845098359547420673,0,7428
844979544864018432,13331,2470
844973813909606400,14706,3089
844580511645339650,16097,3030
844223788422217728,13379,2128
843981021012017153,14835,2872
843856843873095681,20982,4493
843604394117681152,16528,2666
843235543001513987,21042,5856
842846295480000512,14967,3532
842765311967449089,6589,1239
842535590457499648,17722,3413
842163532590374912,23933,5626
842115215311396866,13688,2948
841833993020538882,0,14649
841680585030541313,25240,7617
841439858740625411,12400,3579
841320156043304961,19403,5362
841314665196081154,15541,4529
841077006473256960,22409,5181
840761248237133825,0,1720
840728873075638272,0,15680
840698636975636481,171,2
840696689258311684,12063,949
840632337062862849,8830,1720
840370681858686976,16127,4444
840268004936019968,18893,5584
839990271299457024,13187,2224
839549326359670784,26977,7573
839290600511926273,0,139
839239871831150596,26636,6388
838952994649550848,19329,3902
838921590096166913,10939,2007
838916489579200512,0,33
838831947270979586,0,10769
838561493054533637,10787,1308
838476387338051585,22117,4669
838201503651401729,0,9818
838150277551247360,1639,325
838085839343206401,138,1
838083903487373313,17346,3055
837820167694528512,33536,7693
837482249356513284,3802,437
837471256429613056,12589,2227
837110210464448512,15808,2319
836989968035819520,12559,2256
836753516572119041,19052,4555
836677758902222849,12435,2189
836648853927522308,0,548
836397794269200385,0,26984
836380477523124226,14569,2937
836260088725786625,21008,4229
836001077879255040,18815,4183
835685285446955009,0,7985
835574547218894849,17554,3556
835536468978302976,0,1664
835309094223372289,0,20543
835297930240217089,16257,2952
835264098648616962,7624,1664
835246439529840640,2074,72
835172783151792128,25793,5665
835152434251116546,22066,2952
834931633769889797,10669,1608
834786237630337024,21125,5416
834574053763584002,13467,2489
834477809192075265,0,10460
834458053273591808,9507,1648
834209720923721728,20332,4662
834167344700198914,15636,3606
834089966724603904,9898,2099
834086379323871233,12899,2172
833863086058651648,13266,2372
833826103416520705,17845,3717
833732339549220864,0,219
833722901757046785,20563,3176
833479644947025920,14687,2013
833124694597443584,19953,4763
832998151111966721,13084,2164
832769181346996225,0,39
832757312314028032,16664,3565
832682457690300417,11735,2868
832645525019123713,2893,524
832636094638288896,15656,2741
832397543355072512,11841,2182
832369877331693569,16994,3149
832273440279240704,11221,2301
832215909146226688,0,6130
832215726631055365,0,9191
832088576586297345,61,2
832040443403784192,0,9471
832032802820481025,17668,4601
831939777352105988,23719,6045
831926988323639298,332,34
831911600680497154,27281,6405
831670449226514432,10311,1789
831650051525054464,7052,1894
831552930092285952,8871,2292
831322785565769729,9190,1534
831315979191906304,6478,1113
831309418084069378,11629,2432
831262627380748289,11785,2014
830956169170665475,7895,1477
830583320585068544,66092,16528
830173239259324417,0,5612
830097400375152640,9692,2898
829878982036299777,0,4935
829861396166877184,12121,1915
829501995190984704,31400,10460
829449946868879360,10360,1988
829141528400556032,24151,7234
829011960981237760,52679,16136
828801551087042563,0,3386
828770345708580865,25344,5786
828708714936930305,36137,11040
828650029636317184,9428,1328
828409743546925057,6295,1154
828408677031882754,7606,1276
828381636999917570,12474,2192
828376505180889089,7312,1056
828372645993398273,12452,2901
828361771580813312,2169,173
828046555563323392,11647,2843
828011680017821696,10258,2128
827933404142436356,19913,5184
827653905312006145,15374,2995
827600520311402496,7411,931
827324948884643840,15734,3006
827199976799354881,10508,2201
826958653328592898,21404,4935
826848821049180160,36011,10043
826615380357632002,0,3949
826598799820865537,5077,249
826598365270007810,9950,2317
826476773533745153,18262,4148
826240494070030336,13185,2583
826204788643753985,4842,914
826115272272650244,15540,3073
825876512159186944,10397,1847
825829644528148480,12650,2467
825535076884762624,56450,17421
825147591692263424,18175,4490
825120256414846976,0,1241
825026590719483904,6251,1241
824796380199809024,0,5458
824775126675836928,14797,3483
824663926340194305,10460,1760
824325613288833024,11750,10470
824297048279236611,14965,3822
824025158776213504,4795,595
823939628516474880,10559,2686
823719002937630720,0,11099
823699002998870016,13898,2502
823581115634085888,12937,2607
823333489516937216,698,24
823322678127919110,15636,3989
823269594223824897,0,9815
822975315408461824,17230,3417
822872901745569793,130786,42893
822859134160621569,13177,2261
822647212903690241,0,6370
822610361945911296,14715,2936
822489057087389700,18052,6370
822462944365645825,27813,14182
822244816520155136,34786,9815
822163064745328640,0,4732
821886076407029760,11273,2287
821813639212650496,0,3353
821765923262631936,8358,1649
821522889702862852,8000,1750
821421320206483457,0,5546
821407182352777218,11702,4315
821153421864615936,253,10
821149554670182400,8597,1964
821107785811234820,9553,2126
821044531881721856,12613,2265
820837357901512704,0,6691
820749716845686786,31398,9818
820690176645140481,12175,3213
820494788566847489,0,563
820446719150292993,0,2557
820314633777061888,3334,563
820078625395449857,19737,6251
820013781606658049,0,1172
819952236453363712,5313,1172
819924195358416896,12866,4863
819711362133872643,13328,3096
819588359383371776,9624,1981
819347104292290561,7190,1202
819238181065359361,2260,406
819227688460238848,23001,6691
819015337530290176,0,36747
819015331746349057,0,18920
819006400881917954,45143,18920
819004803107983360,86641,36747
818646164899774465,0,20902
818627210458333184,22342,7519
818614493328580609,9809,2544
818588835076603904,0,6106
818536468981415936,10855,2446
818307523543449600,0,8037
818259473185828864,10984,2253
818145370475810820,12234,2564
817908911860748288,4844,801
817827839487737858,51492,26984
817777686764523521,10724,2678
817536400337801217,11735,2949
817502432452313088,0,3377
817423860136083457,33749,14649
817415592588222464,5585,941
817181837579653120,0,8449
817171292965273600,8739,2017
817120970343411712,12193,2586
817056546584727552,8566,1639
816829038950027264,0,4707
816816676327063552,9987,2036
816697700272001025,9765,2181
816450570814898180,30354,8037
816336735214911488,8586,1943
816091915477250048,8924,2134
816062466425819140,0,1013
816014286006976512,0,5255
815990720817401858,4948,1013
815966073409433600,22363,8449
815745968457060357,0,4119
815736392542261248,9845,2258
815639385530101762,8215,1650
815390420867969024,10335,3805
814986499976527872,7647,1278
814638523311648768,11266,2692
814578408554463233,0,5832
814530161257443328,8640,1861
814153002265309185,28743,8670
813944609378369540,0,3183
813910438903693312,9287,1865
813812741911748608,36353,13973
813800681631023104,8320,1760
813217897535406080,18626,7291
813202720496779264,9229,1817
813187593374461952,19849,4354
813172488309972993,9255,1926
813157409116065792,7769,2218
813142292504645637,8480,2388
813130366689148928,4469,450
813127251579564032,11823,3138
813112105746448384,10297,2738
813096984823349248,10575,3637
813081950185472002,9889,2792
813066809284972545,7939,1960
813051746834595840,20986,7373
812781120811126785,7580,1909
812709060537683968,6618,1436
812503143955202048,6069,1220
812466873996607488,7961,1940
812372279581671427,13666,3662
811985624773361665,7270,1403
811744202451197953,7548,1594
811647686436880384,5612,745
811627233043480576,12776,3085
811386762094317568,20944,6406
810984652412424192,5334,1447
810896069567610880,9009,1775
810657578271330305,10975,2652
810284430598270976,35244,11287
810254108431155201,14705,3386
809920764300447744,15579,3949
809808892968534016,0,4897
809448704142938112,6958,1472
809220051211603969,19954,5612
809084759137812480,13245,3541
808838249661788160,10147,3046
808733504066486276,7908,2171
808501579447930884,11348,2604
808344865868283904,42662,20902
808134635716833280,0,5929
808106460588765185,8826,2216
808001312164028416,12547,3553
807621403335917568,14613,3623
807106840509214720,118417,55483
807059379405148160,0,7360
807010152071229440,13115,3874
806629075125202948,74751,34705
806620845233815552,0,5548
806576416489959424,4913,1963
806542213899489280,10241,2365
806242860592926720,0,11642
806219024703037440,6456,1197
805958939288408065,0,5388
805932879469572096,8313,1929
805826884734976000,6573,1828
805823200554876929,0,8026
805520635690676224,5768,1663
805487436403003392,8807,2534
805207613751304193,7854,1726
804738756058218496,13742,3824
804475857670639616,6140,2016
804413760345620481,0,3248
804026241225523202,44520,16171
803773340896923648,10084,2755
803692223237865472,0,7454
803638050916102144,10978,4162
803380650405482500,7787,1879
803321560782307329,0,5340
803276597545603072,10060,2463
802952499103731712,9036,2006
802624713319034886,0,2925
802600418706604034,7121,1475
802572683846291456,8962,2515
802323869084381190,16225,5846
802265048156610565,6766,1380
802239329049477120,9100,2633
802185808107208704,0,274
801958328846974976,7777,1726
801854953262350336,1791,237
801538201127157760,8246,2076
801285448605831168,6057,820
801167903437357056,24499,5929
801127390143516673,0,3971
801115127852503040,8089,2111
800859414831898624,691,98
800855607700029440,0,1618
800751577355128832,10602,2809
800513324630806528,13164,2997
800459316964663297,9537,2182
800443802682937345,0,4336
800388270626521089,11182,2821
800188575492947969,0,3960
800141422401830912,15321,2557
800018252395122689,28424,13209
799774291445383169,0,4706
799757965289017345,8408,2176
799422933579902976,8102,1938
799308762079035393,0,5487
799297110730567681,9911,2772
799063482566066176,8092,2486
798933969379225600,13121,4474
798925684722855936,7528,1444
798705661114773508,0,6663
798701998996647937,0,7804
798697898615730177,0,6551
798694562394996736,0,4969
798686750113755136,0,2343
798682547630837760,0,4751
798673117451325440,0,5577
798665375516884993,0,3920
798644042770751489,0,1866
798628517273620480,0,1987
798585098161549313,0,5703
798576900688019456,0,5854
798340744599797760,0,3344
798209839306514432,10447,2572
797971864723324932,11614,3112
797545162159308800,14579,4888
797236660651966464,20019,6602
797165961484890113,225,26
796904159865868288,0,8950
796865951799083009,7705,1933
796759840936919040,11871,3040
796563435802726400,0,7286
796484825502875648,7592,1763
796387464403357696,11034,4153
796177847564038144,0,14327
796149749086875649,32284,14327
796125600683540480,4979,1812
796116448414461957,9118,2420
796080075804475393,8471,2317
796031486298386433,10821,3728
795464331001561088,49719,23643
795400264262053889,10071,2881
795076730285391872,16240,5458
794983741416415232,0,3383
794926597468000259,10267,2313
794355576146903043,0,10301
794332329137291264,9613,2690
794205286408003585,9238,3328
793962221541933056,16856,4897
793845145112371200,9251,1868
793614319594401792,0,3145
793601777308463104,7993,1628
793500921481273345,10689,2378
793286476301799424,24664,9191
793271401113350145,8713,2400
793256262322548741,20027,8367
793241302385262592,10520,3304
793226087023144960,9849,2894
793210959003287553,8944,2806
793195938047070209,15295,5644
793180763617361921,6943,2007
793165685325201412,9410,2797
793150605191548928,6187,1710
793135492858580992,6421,2506
793120401413079041,12680,3935
792913359805018113,14354,3998
792883833364439040,11313,4284
792773781206999040,7371,1684
792394556390137856,13464,4307
792050063153438720,7175,1803
791821351946420224,0,21151
791784077045166082,0,9593
791780927877898241,0,3830
791774931465953280,45207,22252
791672322847637504,11773,3145
791406955684368384,13169,4119
791312159183634433,8799,2540
791026214425268224,0,4104
790987426131050500,9852,2140
790946055508652032,16676,4707
790723298204217344,0,2318
790698755171364864,8237,1931
790581949425475584,20692,7153
790337589677002753,7839,1887
790277117346975746,12580,3183
790227638568808452,0,3569
789986466051088384,9260,2318
789960241177853952,0,4133
789903600034189313,10376,4147
789628658055020548,7519,1773
789599242079838210,6769,1932
789530877013393408,11748,3383
789314372632018944,8678,2304
789280767834746880,0,4937
789268448748703744,9136,2619
789137962068021249,9738,2797
788908386943430656,27471,12507
788765914992902144,27368,10301
788552643979468800,0,7184
788412144018661376,15580,5273
788178268662984705,7243,2101
788150585577050112,6130,1288
788070120937619456,0,3436
788039637453406209,6135,1316
787810552592695296,8624,3057
787717603741622272,10274,2782
787397959788929025,10884,2851
787322443945877504,7782,1746
787111942498508800,0,6766
786963064373534720,26656,7985
786729988674449408,0,2427
786709082849828864,18242,6130
786664955043049472,10593,2552
786595970293370880,9439,3131
786363235746385920,10903,3503
786286427768250368,7963,2843
786233965241827333,15246,4732
786051337297522688,1422,155
786036967502913536,0,7009
785927819176054784,11385,3188
785872687017132033,6692,1812
785639753186217984,7859,2243
785533386513321988,9116,2002
785515384317313025,6126,1259
785264754247995392,7258,1624
785170936622350336,12030,4832
784826020293709826,10101,3248
784517518371221505,8956,2536
784431430411685888,5705,1271
784183165795655680,20062,8026
784057939640352768,29759,11101
783839966405230592,29974,10769
783821107061198850,7349,1971
783695101801398276,10468,3206
783466772167098368,8445,2241
783391753726550016,16879,5465
783347506784731136,0,5530
783334639985389568,29129,11642
783085703974514689,8153,2199
782969140009107456,24076,7360
782747134529531904,7455,1408
782722598790725632,17235,5388
782598640137187329,7781,1873
782305867769217024,16598,5546
782021823840026624,0,6189
781955203444699136,11100,3362
781661882474196992,10411,2709
781655249211752448,3982,1129
781524693396357120,20714,5548
781308096455073793,7131,2551
781251288990355457,8424,2078
781163403222056960,9792,2746
780931614150983680,21571,7286
780858289093574656,7170,2001
780800785462489090,5475,1298
780601303617732608,12077,3353
780543529827336192,6282,1743
780496263422808064,0,3672
780476555013349377,0,112
780459368902959104,5281,1078
780192070812196864,8698,2234
780092040432480260,0,2291
780074436359819264,12141,4941
779834332596887552,18834,7009
779377524342161408,8774,3105
779124354206535695,0,18198
779056095788752897,14693,4522
778990705243029504,19874,7166
778774459159379968,0,9836
778764940568104960,864,360
778748913645780993,6859,1304
778650543019483137,5746,1492
778624900596654080,4627,1009
778408200802557953,13575,4306
778396591732486144,0,12162
778383385161035776,5808,1100
778286810187399168,10327,3273
778039087836069888,8466,2631
778027034220126208,6518,1602
777953400541634568,0,3506
777885040357281792,6319,1624
777684233540206592,11187,2925
777641927919427584,0,4210
777621514455814149,8696,2494
777189768882946048,14216,4287
776819012571455488,0,13602
776813020089548800,4861,1203
776477788987613185,8781,2759
776249906839351296,0,9067
776218204058357768,29733,15754
776201521193218049,9577,2508
776113305656188928,11697,4336
776088319444877312,1830,151
775898661951791106,0,16423
775842724423557120,11656,2639
775733305207554048,13809,3971
775729183532220416,12932,4574
775364825476165632,7354,2943
775350846108426240,10105,3884
775085132600442880,15457,4706
774757898236878852,8567,1781
774639387460112384,6703,1720
774314403806253056,21632,5487
773985732834758656,10673,3830
773922284943896577,6363,1742
773704687002451968,6568,1616
773670353721753600,5332,1306
773547596996571136,21973,6106
773336787167145985,0,5030
773308824254029826,23170,7428
773247561583001600,9403,3237
773191612633579521,9924,4094
772877495989305348,8516,3840
772826264096874500,7999,2332
772615324260794368,0,3356
772581559778025472,6434,1691
772193107915964416,6004,1381
772152991789019136,3781,1124
772117678702071809,3759,736
772114945936949249,2715,466
772102971039580160,3969,936
771908950375665664,6531,1885
771770456517009408,11927,3344
771500966810099713,8208,2595
771380798096281600,10399,5030
771171053431250945,0,7390
771136648247640064,9089,2899
771102124360998913,6197,1429
771014301343748096,6823,1642
770787852854652928,4897,1193
770772759874076672,5135,1408
770655142660169732,7273,1756
770414278348247044,6292,2083
770293558247038976,6179,1458
770093767776997377,0,3029
770069151037685760,7543,2278
769940425801170949,31078,9471
769695466921623552,6365,1673
769335591808995329,0,7663
769212283578875904,5349,1703
768970937022709760,14222,6448
768909767477751808,0,2643
768855141948723200,4156,879
768609597686943744,4084,1189
768596291618299904,5007,1273
768554158521745409,0,5790
768473857036525572,13525,3390
768193404517830656,10789,3506
767884188863397888,4714,1370
767754930266464257,15873,5340
767500508068192258,7451,2323
767191397493538821,12213,3723
767122157629476866,10102,2831
766864461642756096,0,5578
766793450729734144,5026,1344
766714921925144576,2594,375
766693177336135680,3980,785
766423258543644672,5951,1565
766313316352462849,6745,1874
766078092750233600,0,2592
766069199026450432,4190,846
766008592277377025,3709,493
765719909049503744,7168,2135
765669560888528897,5141,1216
765395769549590528,26414,3353
765371061932261376,7001,2144
765222098633691136,11519,3356
764857477905154048,6398,1761
764259802650378240,5960,1488
763956972077010945,755,54
763837565564780549,12458,4104
763183847194451968,5323,1451
763167063695355904,0,2968
763103485927849985,7305,2274
762699858130116608,12001,3569
762471784394268675,11119,6342
762464539388485633,10179,4133
762316489655476224,4755,1110
762035686371364864,31533,15381
761976711479193600,5349,1987
761750502866649088,0,3860
761745352076779520,4232,854
761672994376806400,48943,28737
761599872357261312,4089,1179
761371037149827077,0,17871
761334018830917632,5139,1437
761292947749015552,4437,1071
761227390836215808,5271,1546
761004547850530816,11194,3436
760893934457552897,3777,960
760656994973933572,6516,1884
760641137271070720,4926,1280
760539183865880579,7492,3575
760521673607086080,4172,1373
760290219849637889,26518,11336
760252756032651264,3915,859
760190180481531904,5641,1777
760153949710192640,0,30
759943073749200896,5872,2052
759923798737051648,14524,5578
759846353224826880,6662,1940
759793422261743616,5889,1881
759557299618865152,4635,1172
759447681597108224,8384,2427
759446261539934208,1655,479
759197388317847553,6006,1920
759159934323924993,0,1140
759099523532779520,14329,4107
759047813560868866,6413,1982
758854675097526272,3507,885
758828659922702336,11096,3788
758740312047005698,5686,1598
758474966123810816,3755,988
758467244762497024,4731,2182
758405701903519748,5148,1879
758355060040593408,3361,1050
758099635764359168,18849,9836
758041019896193024,2665,369
757741869644341248,6806,3206
757729163776290825,0,7789
757725642876129280,4487,1194
757611664640446465,4522,1092
757597904299253760,0,297
757596066325864448,4279,1038
757400162377592832,14947,6746
757393109802180609,5740,1712
757354760399941633,4469,1402
756998049151549440,6206,1960
756939218950160384,6557,1977
756651752796094464,4977,1279
756526248105566208,10293,3522
756303284449767430,3884,1089
756288534030475264,43499,17446
756275833623502848,6324,1508
755955933503782912,7218,2834
755206590534418437,16224,5284
755110668769038337,20912,10931
754874841593970688,0,7780
754856583969079297,6821,2475
754747087846248448,2556,513
754482103782404096,5227,1923
754449512966619136,3697,723
754120377874386944,7792,2323
753655901052166144,5767,2140
753420520834629632,7799,3503
753398408988139520,5682,1872
753375668877008896,7545,2291
753298634498793472,0,5605
753294487569522689,3319,1023
753039830821511168,36621,20543
753026973505581056,3878,946
752932432744185856,12451,6766
752917284578922496,6853,1552
752701944171524096,0,2814
752682090207055872,5936,1569
752660715232722944,4327,1533
752568224206688256,5417,2241
752519690950500352,7276,3389
752334515931054080,3772,1075
752309394570878976,0,15985
752173152931807232,5875,1804
751950017322246144,3032,897
751937170840121344,5124,1303
751830394383790080,5728,1915
751793661361422336,5747,2855
751598357617971201,7817,2999
751583847268179968,4327,1081
751538714308972544,4961,1240
751456908746354688,3168,985
751251247299190784,12325,5777
751205363882532864,6237,1783
751132876104687617,4993,1282
750868782890057730,4710,1341
750719632563142656,12961,4937
750506206503038976,4387,1127
750429297815552001,12970,4210
750383411068534784,4501,1130
750381685133418496,685,27
750147208377409536,3057,940
750132105863102464,3561,1270
750117059602808832,4274,1288
750101899009982464,3004,827
750086836815486976,2137,524
750071704093859840,7719,3260
750056684286914561,3115,882
750041628174217216,3125,603
750026558547456000,2684,771
750011400160841729,3200,893
749996283729883136,3024,801
749981277374128128,5046,2422
749774190421639168,4598,1301
749417653287129088,6020,1619
749403093750648834,2575,525
749395845976588288,8444,3378
749317047558017024,5409,2199
749075273010798592,5663,2043
749064354620928000,4728,1500
749036806121881602,3048,782
748977405889503236,10595,3338
748932637671223296,5720,2206
748705597323898880,2726,935
748699167502000129,4670,1553
748692773788876800,4180,1308
748575535303884801,5966,1944
748568946752774144,2164,661
748346686624440324,5141,1214
748337862848962560,7496,4022
748324050481647620,3630,742
748307329658011649,3613,700
748220828303695873,13905,7630
747963614829678593,5689,2097
747933425676525569,6498,2494
747885874273214464,2886,948
747844099428986880,2768,731
747816857231626240,4766,1139
747651430853525504,1365,152
747648653817413632,12683,5739
747600769478692864,2286,548
747594051852075008,3609,1038
747512671126323200,5440,1582
747461612269887489,3808,1024
747439450712596480,5330,1876
747242308580548608,0,2858
747219827526344708,5171,1537
747204161125646336,3313,900
747103485104099331,9404,3885
746906459439529985,2849,291
746872823977771008,5877,2090
746818907684614144,5233,1707
746790600704425984,4777,1569
746757706116112384,9403,3830
746726898085036033,5936,1755
746542875601690625,4945,1841
746521445350707200,0,966
746507379341139972,4578,1065
746369468511756288,6068,1601
746131877086527488,6790,2148
746056683365994496,3503,800
745789745784041472,3953,1044
745712589599014916,6881,2282
745433870967832576,6948,2485
745422732645535745,8428,2379
745314880350101504,7048,2699
745074613265149952,7688,3401
745057283344719872,7133,2200
744995568523612160,2923,600
744971049620602880,7735,2632
744709971296780288,5500,1531
744334592493166593,6655,2063
744234799360020481,153418,76099
744223424764059648,1630,355
743980027717509120,4094,1072
743895849529389061,3586,948
743835915802583040,0,2024
743609206067040256,4389,1354
743595368194129920,17997,6380
743545585370791937,3461,920
743510151680958465,7766,3657
743253157753532416,4141,1197
743222593470234624,6077,1869
743210557239623680,3771,1334
742534281772302336,6932,3490
742528092657332225,4337,1924
742465774154047488,7111,3837
742423170473463808,9624,3672
742385895052087300,6673,1918
742161199639494656,4237,1336
742150209887731712,5007,1514
741793263812808706,4452,1478
741743634094141440,8015,2682
741438259667034112,3612,804
741303864243200000,8605,3131
741099773336379392,9781,5387
741067306818797568,9345,3029
740995100998766593,6232,2664
740711788199743490,3335,914
740699697422163968,2794,759
740676976021798912,17790,6663
740373189193256964,34284,13026
740365076218183684,2408,421
740359016048689152,3229,846
740214038584557568,6555,1919
739979191639244800,19510,5790
739932936087216128,3970,1054
739844404073074688,3728,839
739623569819336705,3681,1329
739606147276148736,5278,1613
739544079319588864,38646,20723
739485634323156992,7006,2857
739238157791694849,113353,56602
738891149612572673,106,6
738885046782832640,3695,1115
738883359779196928,3234,770
738537504001953792,4975,1493
738402415918125056,3187,810
738184450748633089,4231,1188
738166403467907072,8581,3268
738156290900254721,2446,625
737826014890496000,5150,1723
737800304142471168,9771,3377
737678689543020544,4930,1279
737445876994609152,10027,4337
737322739594330112,3519,791
737310737551491075,14327,7236
736736130620620800,4150,1686
736392552031657984,17296,7184
736365877722001409,3878,1208
736225175608430592,7924,2714
736010884653420544,7714,2901
735991953473572864,3508,1117
735648611367784448,3948,1077
735635087207878657,6021,2284
735274964362878976,12730,4891
735256018284875776,3248,854
735137028879360001,3061,949
734912297295085568,2684,513
734787690684657664,12228,6134
734776360183431168,2451,523
734559631394082816,1452,385
733828123016450049,3492,759
733822306246479872,3582,996
733482008106668032,3063,922
733460102733135873,4088,1246
733109485275860992,49068,16423
732732193018155009,2373,523
732726085725589504,3468,868
732585889486888962,3584,760
732375214819057664,7893,2445
732005617171337216,14537,5255
731285275100512256,3411,973
731156023742988288,3750,1235
730924654643314689,5992,1928
730573383004487680,4775,2073
730427201120833536,3409,1015
730211855403241472,3730,1034
730196704625098752,4720,1843
729854734790754305,3942,1097
729838605770891264,1687,370
729823566028484608,3879,1216
729463711119904772,5651,2258
729113531270991872,1835,310
728986383096946689,3071,800
728760639972315136,4555,1659
728751179681943552,2697,658
728653952833728512,3230,1009
728409960103686147,4783,1938
728387165835677696,3620,936
728046963732717569,4200,1168
728035342121635841,4447,1627
728015554473250816,4027,1080
727685679342333952,2889,625
727644517743104000,5732,1696
727524757080539137,4369,1183
727314416056803329,3252,720
727286334147182592,2984,792
727175381690781696,3819,1351
727155742655025152,3539,1291
726935089318363137,6712,2371
726887082820554753,3736,1480
726828223124897792,3480,977
726224900189511680,4313,1110
725842289046749185,6899,2592
725786712245440512,4078,1334
725729321944506368,5083,1734
725458796924002305,1381,600
724983749226668032,3650,1273
724771698126512129,2284,617
724405726123311104,5150,1610
724049859469295616,4225,1733
724046343203856385,2598,542
724004602748780546,4089,1499
723912936180330496,3790,1201
723688335806480385,7496,2854
723673163800948736,2942,868
723179728551723008,5165,1810
722974582966214656,4000,1525
722613351520608256,4844,1595
721503162398597120,4506,1781
721001180231503872,2471,594
720785406564900865,3030,747
720775346191278080,2404,642
720415127506415616,4031,1455
720389942216527872,6203,2435
720340705894408192,2800,948
720059472081784833,3770,1096
720043174954147842,4789,1952
719991154352222208,4711,1688
719704490224398336,4420,1387
719551379208073216,4934,1839
719367763014393856,2725,725
719339463458033665,4325,1198
719332531645071360,3350,919
718971898235854848,3404,1046
718939241951195136,5120,1707
718631497683582976,18405,7804
718613305783398402,2380,470
718540630683709445,2394,988
718460005985447936,2631,510
718454725339934721,4745,1473
718246886998687744,1863,481
718234618122661888,3774,961
717841801130979328,2396,588
717790033953034240,2809,1078
717537687239008257,5631,1799
717428917016076293,1579,433
717421804990701568,3080,815
717047459982213120,6134,1875
717009362452090881,3161,938
716802964044845056,4177,1138
716791146589110272,7983,1536
716730379797970944,1204,417
716447146686459905,12725,5705
716439118184652801,2328,203
716285507865542656,2695,1020
716080869887381504,6611,1851
715928423106027520,3114,856
715758151270801409,3629,1396
715733265223708672,4543,1645
715704790270025728,2719,555
715696743237730304,3818,1256
715680795826982913,4183,1566
715360349751484417,5330,1522
715342466308784130,2978,674
715220193576927233,2366,631
715200624753819648,5019,1828
715009755312439296,4051,1190
714982300363173890,3633,1007
714962719905021952,7158,4132
714957620017307648,4048,1375
714631576617938945,3201,963
714606013974974464,3542,902
714485234495041536,2604,1095
714258258790387713,2958,707
714251586676113411,3192,814
714214115368108032,2220,848
714141408463036416,4211,1358
713919462244790272,3211,774
713909862279876608,1847,525
713900603437621249,2770,718
713761197720473600,4736,1335
713411074226274305,4318,1267
713177543487135744,7037,2777
713175907180089344,4347,1437
712809025985978368,18574,6551
712717840512598017,12017,4829
712668654853337088,4078,1185
712438159032893441,5188,1524
712309440758808576,234,25
712097430750289920,3688,1006
712092745624633345,2865,862
712085617388212225,3207,476
712065007010385924,2201,606
711998809858043904,0,125
711968124745228288,7858,2238
711743778164514816,2772,966
711732680602345472,8613,3985
711694788429553666,32045,17871
711652651650457602,3748,892
711363825979756544,3547,1102
711306686208872448,3214,717
711008018775851008,2924,595
710997087345876993,4460,1346
710844581445812225,2487,667
710833117892898816,2621,517
710658690886586372,2250,546
710609963652087808,4685,2313
710588934686908417,4422,1813
710296729921429505,2316,719
710283270106132480,2103,510
710272297844797440,4419,1217
710269109699739648,2338,1086
710153181850935296,2846,871
710140971284037632,2688,857
710117014656950272,5335,1934
709918798883774466,3417,1061
709901256215666688,645,99
709852847387627521,3436,1174
709566166965075968,3469,1168
709556954897764353,3217,1044
709519240576036864,1460,231
709449600415961088,2160,558
709409458133323776,2551,661
709225125749587968,2358,561
709207347839836162,12210,5625
709198395643068416,2382,627
709179584944730112,1951,655
709158332880297985,1985,407
709042156699303936,4615,1588
708853462201716736,1766,641
708845821941387268,2910,876
708834316713893888,1646,489
708810915978854401,16060,6746
708738143638450176,2693,790
708711088997666817,2470,700
708479650088034305,2488,665
708469915515297792,3031,798
708400866336894977,15592,9800
708356463048204288,3491,1285
708349470027751425,2298,720
708149363256774660,4192,1518
708130923141795840,3308,833
708119489313951744,2630,961
708109389455101952,1902,539
708026248782585858,4302,1883
707995814724026368,3057,1101
707983188426153984,48,2
707969809498152960,2635,942
707776935007539200,3205,933
707741517457260545,2431,595
707738799544082433,3981,2403
707693576495472641,3317,966
707629649552134146,2505,849
707610948723478529,16571,6189
707420581654872064,2213,677
707411934438625280,2251,583
707387676719185920,3425,1251
707377100785885184,3195,1066
707315916783140866,2417,626
707297311098011648,2709,764
707059547140169728,2541,657
707038192327901184,2135,766
707021089608753152,3980,1324
707014260413456384,2253,584
706904523814649856,14232,7663
706901761596989440,1998,573
706681918348251136,3226,954
706644897839910912,2508,1061
706593038911545345,2108,617
706538006853918722,3391,1399
706516534877929472,3045,1013
706346369204748288,3370,906
706310011488698368,20782,7716
706291001778950144,1666,469
706265994973601792,2674,913
706169069255446529,3819,2147
706166467411222528,5034,1564
706153300320784384,1448,376
705975130514706432,3033,715
705970349788291072,3111,874
705898680587526145,2315,539
705786532653883392,1887,504
705591895322394625,3098,1122
705475953783398401,2893,891
705442520700944385,4330,1583
705428427625635840,3727,1637
705239209544720384,2937,733
705223444686888960,2538,785
705102439679201280,2098,505
705066031337840642,2139,606
704871453724954624,4184,1093
704859558691414016,2203,526
704847917308362754,4959,1489
704819833553219584,2575,958
704761120771465216,6497,2858
704499785726889984,2849,993
704491224099647488,734,76
704480331685040129,3318,1043
704364645503647744,7802,3464
704347321748819968,1540,341
704134088924532736,1469,446
704113298707505153,1808,560
704054845121142784,2851,896
703774238772166656,1801,446
703769065844768768,3199,1117
703631701117943808,2512,666
703611486317502464,3749,1492
703425003149250560,3724,1337
703407252292673536,2384,678
703382836347330562,3425,1118
703356393781329922,1865,376
703268521220972544,1933,533
703079050210877440,7222,3003
703041949650034688,25750,12162
702932127499816960,2519,704
702899151802126337,1581,444
702684942141153280,3162,1049
702671118226825216,2155,545
702598099714314240,11959,3360
702539513671897089,2815,938
702332542343577600,3115,1516
702321140488925184,3206,1021
702276748847800320,2417,754
702217446468493312,4673,1312
701981390485725185,3371,965
701952816642965504,3762,1005
701889187134500865,3466,1355
701805642395348998,3335,1629
701601587219795968,2053,442
701570477911896070,2750,908
701545186879471618,2612,597
701214700881756160,11935,4969
700890391244103680,2178,557
700864154249383937,2548,608
700847567345688576,2403,491
700796979434098688,2387,919
700747788515020802,22324,9067
700518061187723268,2557,781
700505138482569216,2247,555
700462010979500032,4037,1746
700167517596164096,2581,715
700151421916807169,2194,656
700143752053182464,7359,2643
700062718104104960,2584,676
700029284593901568,2033,574
700002074055016451,3240,1307
699801817392291840,2990,928
699788877217865730,2184,501
699779630832685056,2687,1203
699775878809702401,1923,588
699691744225525762,10061,4496
699446877801091073,5833,2556
699434518667751424,2124,502
699423671849451520,1331,317
699413908797464576,2031,614
699370870310113280,1854,430
699323444782047232,3080,843
699088579889332224,2204,616
699079609774645248,2397,637
699072405256409088,2899,1164
699060279947165696,3667,1758
699036661657767936,2545,1177
698989035503689728,3278,951
698953797952008193,2615,890
698907974262222848,2490,609
698710712454139905,2414,663
698703483621523456,1415,368
698635131305795584,1267,336
698549713696649216,2277,611
698355670425473025,1805,435
698342080612007937,2222,939
698262614669991936,4662,1957
698195409219559425,16406,5832
698178924120031232,2755,723
697995514407682048,1490,328
697990423684476929,3219,1265
697943111201378304,2337,660
697881462549430272,2958,1143
697630435728322560,1710,529
697616773278015490,3087,990
697596423848730625,2949,1231
697575480820686848,2001,488
697516214579523584,1999,1086
697482927769255936,2361,653
697463031882764288,3343,1372
697270446429966336,4603,1837
697259378236399616,3228,979
697255105972801536,2972,1129
697242256848379904,2461,653
696900204696625153,3094,1001
696894894812565505,2295,668
696886256886657024,4746,1753
696877980375769088,2386,695
696754882863349760,1457,355
696744641916489729,2030,912
696713835009417216,2329,634
696518437233913856,3821,1676
696490539101908992,1189,139
696488710901260288,2459,997
696405997980676096,3137,1129
696100768806522880,1884,635
695816827381944320,2950,1138
695794761660297217,3092,750
695767669421768709,1816,723
695629776980148225,4473,2046
695446424020918272,4306,1771
695409464418041856,8485,3491
695314793360662529,3555,1415
695095422348574720,2579,598
695074328191332352,2782,1067
695064344191721472,1568,578
695051054296211456,2607,773
694925794720792577,2635,898
694905863685980160,2689,913
694669722378485760,35070,14014
694356675654983680,1475,280
694352839993344000,1985,600
694342028726001664,1547,476
694329668942569472,1954,490
694206574471057408,4076,1991
694183373896572928,2886,908
694001791655137281,3329,1000
693993230313091072,1839,394
693942351086120961,1711,360
693647888581312512,2620,570
693644216740769793,1325,121
693642232151285760,2484,402
693629975228977152,2394,777
693622659251335168,1500,365
693590843962331137,4942,1906
693582294167244802,1607,239
693486665285931008,1736,617
693280720173801472,3278,1207
693267061318012928,2331,794
693262851218264065,2157,487
693231807727280129,2816,722
693155686491000832,7728,3139
693109034023534592,1672,595
693095443459342336,1812,446
692919143163629568,2622,736
692905862751522816,2371,849
692901601640583168,1723,589
692894228850999298,2218,779
692828166163931137,2794,865
692752401762250755,6663,3551
692568918515392513,4258,1499
692535307825213440,3092,1324
692530551048294401,1795,404
692423280028966913,1444,222
692417313023332352,9167,3377
692187005137076224,2481,796
692158366030913536,2110,770
692142790915014657,1611,385
692041934689402880,3338,1237
692017291282812928,2832,932
691820333922455552,3879,1615
691793053716221953,7973,4123
691756958957883396,2787,972
691675652215414786,1916,497
691483041324204033,2332,551
691459709405118465,3966,1115
691444869282295808,2589,832
691416866452082688,18900,7454
691321916024623104,2516,640
691096613310316544,2900,862
691090071332753408,1687,326
690989312272396288,5776,2802
690959652130045952,3507,1216
690938899477221376,4004,1897
690932576555528194,3211,991
690735892932222976,3706,1236
690728923253055490,2136,508
690690673629138944,2280,803
690649993829576704,1274,268
690607260360429569,291,18
690597161306841088,1915,587
690400367696297985,1847,438
690374419777196032,3192,826
690360449368465409,2611,862
690348396616552449,1477,502
690248561355657216,1645,407
690021994562220032,2735,1003
690015576308211712,2436,714
690005060500217858,3592,1641
689999384604450816,1389,360
689993469801164801,1428,439
689977555533848577,1341,437
689905486972461056,2397,688
689877686181715968,2979,1137
689835978131935233,2123,732
689661964914655233,3164,909
689659372465688576,10140,3758
689623661272240129,2188,629
689599056876867584,11387,5375
689557536375177216,1999,445
689517482558820352,3327,1399
689289219123089408,2213,915
689283819090870273,3191,1072
689280876073582592,1944,691
689275259254616065,1116,241
689255633275777024,2505,1058
689154315265683456,3013,974
689143371370250240,1976,495
688916208532455424,2662,845
688908934925697024,2067,744
688898160958271489,2052,765
688894073864884227,2187,669
688828561667567616,1351,363
688804835492233216,947,189
688789766343622656,2177,649
688547210804498433,2541,682
688519176466644993,2267,713
688385280030670848,9087,4372
688211956440801280,2196,810
688179443353796608,2094,575
688116655151435777,2771,755
688064179421470721,1694,352
687841446767013888,5360,2441
687826841265172480,2692,1098
687818504314159109,2434,929
687807801670897665,2347,701
687732144991551489,1717,649
687704180304273409,2384,823
687664829264453632,1895,501
687494652870668288,1863,563
687480748861947905,1573,232
687476254459715584,1941,519
687460506001633280,2019,531
687399393394311168,1846,603
687317306314240000,19718,8950
687312378585812992,4263,1852
687127927494963200,5317,2219
687124485711986689,2137,494
687109925361856513,5678,2397
687102708889812993,2307,951
687096057537363968,2191,593
686947101016735744,8444,3119
686760001961103360,3438,1352
686749460672679938,3407,1417
686730991906516992,4047,1172
686683045143953408,2766,782
686618349602762752,3626,1332
686606069955735556,1852,534
686394059078897668,1706,675
686386521809772549,3190,862
686377065986265092,2160,552
686358356425093120,2138,652
686286779679375361,3929,1627
686050296934563840,2167,711
686035780142297088,1125,114
686034024800862208,3012,1118
686007916130873345,2425,399
686003207160610816,1790,609
685973236358713344,2060,511
685943807276412928,1596,580
685906723014619143,7338,2801
685681090388975616,1984,119
685667379192414208,2315,551
685663452032069632,3165,1418
685641971164143616,2872,758
685547936038666240,32197,15220
685532292383666176,2958,1134
685325112850124800,9246,3860
685321586178670592,2591,619
685315239903100929,3234,1016
685307451701334016,2032,428
685268753634967552,3031,1174
685198997565345792,2287,653
685169283572338688,4024,1396
684969860808454144,2341,359
684959798585110529,6672,3046
684940049151070208,3144,1018
684926975086034944,3409,453
684914660081053696,3433,1417
684902183876321280,1819,515
684880619965411328,2038,791
684830982659280897,34251,21151
684800227459624960,2680,981
684594889858887680,8715,3427
684588130326986752,4024,1377
684567543613382656,2957,1182
684538444857667585,2600,926
684481074559381504,3799,1144
684460069371654144,1929,545
684241637099323392,7940,3190
684225744407494656,1209,201
684222868335505415,3742,1329
684200372118904832,2107,1015
684195085588783105,1864,495
684188786104872960,3415,1138
684177701129875456,1976,651
684147889187209216,2927,1484
684122891630342144,1966,461
684097758874210310,4019,1400
683857920510050305,3728,1095
683852578183077888,1899,338
683849932751646720,2551,930
683834909291606017,2563,1089
683828599284170753,2736,1045
683773439333797890,3267,1313
683742671509258241,6312,3216
683515932363329536,7172,2814
683498322573824003,3106,940
683481228088049664,2612,973
683462770029932544,2372,659
683449695444799489,3795,1578
683391852557561860,7477,2343
683357973142474752,2845,899
683142553609318400,2810,1015
683111407806746624,3327,889
683098815881154561,2122,640
683078886620553216,1951,549
683030066213818368,2122,723
682962037429899265,35889,16073
682808988178739200,1736,165
682788441537560576,2416,1081
682750546109968385,1489,427
682697186228989953,1287,355
682662431982772225,2991,1046
682638830361513985,2031,581
682429480204398592,3350,1122
682406705142087680,7388,1716
682393905736888321,2184,653
682389078323662849,1620,450
682303737705140231,2986,951
682259524040966145,4032,1164
682242692827447297,3151,1130
682088079302213632,17788,9593
682059653698686977,4835,1630
682047327939461121,3117,919
682032003584274432,6438,1946
682003177596559360,3037,1475
681981167097122816,2750,1009
681891461017812993,2414,794
681694085539872773,12528,3960
681679526984871937,1730,429
681654059175129088,2573,904
681610798867845120,1857,451
681579835668455424,3467,1262
681523177663676416,13943,5606
681340665377193984,1606,271
681339448655802368,9070,3982
681320187870711809,2579,719
681302363064414209,3829,1767
681297372102656000,3138,924
681281657291280384,3155,1073
681261549936340994,1426,265
681242418453299201,1452,515
681231109724700672,2351,469
681193455364796417,3601,1432
680970795137544192,2358,642
680959110691590145,4473,1950
680940246314430465,3118,1016
680934982542561280,2039,422
680913438424612864,2352,605
680889648562991104,1711,355
680836378243002368,3373,1284
680805554198020098,2100,649
680801747103793152,2325,799
680798457301471234,2773,1003
680609293079592961,2560,675
680583894916304897,3531,1295
680497766108381184,4129,1856
680494726643068929,1678,472
680473011644985345,2481,726
680440374763077632,1416,485
680221482581123072,1432,286
680206703334408192,2761,1129
680191257256136705,2084,482
680176173301628928,3795,1502
680161097740095489,2263,716
680145970311643136,3515,1696
680130881361686529,2227,911
680115823365742593,2655,876
680100725817409536,3483,1331
680085611152338944,12493,8736
680070545539371008,2520,834
679877062409191424,1931,634
679872969355714560,2134,647
679862121895714818,2391,600
679854723806179328,2774,1189
679844490799091713,2307,737
679828447187857408,35325,13602
679777920601223168,3026,1068
679736210798047232,2045,768
679729593985699840,2112,801
679722016581222400,1618,455
679530280114372609,4652,2017
679527802031484928,2565,700
679511351870550016,3271,1226
679503373272485890,3091,1423
679475951516934144,2041,619
679462823135686656,30699,18198
679405845277462528,2308,1162
679158373988876288,20709,7780
679148763231985668,2708,995
679132435750195208,2903,1118
679111216690831360,5810,2499
679062614270468097,16459,7789
679047485189439488,2186,642
679001094530465792,2760,1183
678991772295516161,2226,1115
678969228704284672,1592,440
678800283649069056,2503,865
678798276842360832,3354,1120
678774928607469569,2732,874
678767140346941444,3424,1315
678764513869611008,1592,460
678755239630127104,6891,3160
678740035362037760,3625,1611
678708137298427904,5429,2339
678675843183484930,2778,1406
678643457146150913,1987,388
678446151570427904,3891,1485
678424312106393600,5304,2456
678410210315247616,4074,1739
678399652199309312,77712,30768
678396796259975168,1546,401
678389028614488064,1817,407
678380236862578688,2361,874
678341075375947776,1674,514
678334497360859136,1264,239
678278586130948096,11081,5881
678255464182861824,1535,350
678023323247357953,1849,369
678021115718029313,13193,6104
677961670166224897,3312,1627
677918531514703872,1293,393
677895101218201600,4657,1998
677716515794329600,2946,944
677700003327029250,3274,1397
677698403548192770,1190,309
677687604918272002,2417,816
677673981332312066,3217,1445
677662372920729601,1884,914
677644091929329666,1793,774
677573743309385728,2066,678
677565715327688705,1263,444
677557565589463040,2370,1114
677547928504967168,6713,3543
677530072887205888,1031,221
677335745548390400,2945,1698
677334615166730240,1304,275
677331501395156992,1052,227
677328882937298944,3528,1447
677314812125323265,1588,514
677301033169788928,1190,389
677269281705472000,1905,679
677228873407442944,3427,1579
677187300187611136,2642,878
676975532580409345,2669,1023
676957860086095872,2163,782
676949632774234114,1266,381
676948236477857792,2082,828
676946864479084545,1674,352
676942428000112642,1995,719
676936541936185344,12271,4751
676916996760600576,2868,1737
676897532954456065,2166,701
676864501615042560,2016,676
676821958043033607,22091,14931
676819651066732545,1751,637
676811746707918848,1373,410
676776431406465024,4815,1947
676617503762681856,2773,920
676613908052996102,1037,193
676606785097199616,1831,415
676603393314578432,1116,368
676593408224403456,4380,2066
676590572941893632,882,116
676588346097852417,2222,751
676582956622721024,1143,263
676575501977128964,2484,1069
676533798876651520,1806,529
676496375194980353,1463,510
676470639084101634,11174,4480
676440007570247681,1656,631
676430933382295552,1342,324
676263575653122048,2007,516
676237365392908289,1163,273
676219687039057920,73626,29761
676215927814406144,1665,552
676191832485810177,2185,992
676146341966438401,1843,634
676121918416756736,2080,1117
676101918813499392,2720,1119
676098748976615425,2879,1356
676089483918516224,1257,419
675898130735476737,1547,542
675891555769696257,2034,820
675888385639251968,2273,913
675878199931371520,3996,1342
675870721063669760,1560,540
675853064436391936,2580,1231
675849018447167488,899,137
675845657354215424,2166,837
675822767435051008,1463,512
675820929667219457,1001,225
675798442703122432,9823,3277
675781562965868544,1550,447
675740360753160193,1119,327
675710890956750848,1801,776
675707330206547968,1891,651
675706639471788032,619,90
675534494439489536,1758,391
675531475945709568,1129,364
675522403582218240,996,274
675517828909424640,1231,444
675501075957489664,16434,5577
675497103322386432,3002,1229
675489971617296384,1236,565
675483430902214656,1768,933
675432746517426176,1456,544
675372240448454658,1610,493
675362609739206656,1014,219
675354435921575936,31094,15985
675349384339542016,3747,2163
675334060156301312,2641,1225
675166823650848770,3396,1508
675153376133427200,5955,2444
675149409102012420,3576,1602
675147105808306176,898,219
675146535592706048,1129,280
675145476954566656,2030,846
675135153782571009,1242,451
675113801096802304,1859,742
675111688094527488,917,239
675109292475830276,2670,1075
675047298674663426,1012,304
675015141583413248,2577,1121
675006312288268288,936,211
675003128568291329,1492,436
674999807681908736,2138,1049
674805413498527744,820,339
674800520222154752,2869,806
674793399141146624,2382,1034
674790488185167872,1043,239
674788554665512960,772,199
674781762103414784,1912,1133
674774481756377088,1058,447
674767892831932416,1735,737
674764817387900928,753,225
674754018082705410,1300,415
674752233200820224,1392,438
674743008475090944,1324,520
674742531037511680,460,49
674739953134403584,1046,366
674737130913071104,616,82
674690135443775488,1093,447
674670581682434048,1534,610
674664755118911488,870,233
674646392044941312,1366,461
674644256330530816,981,259
674638615994089473,1605,555
674632714662858753,1435,544
674606911342424069,895,93
674468880899788800,5936,1923
674447403907457024,1010,342
674436901579923456,1059,367
674422304705744896,1361,510
674416750885273600,657,130
674410619106390016,1142,436
674394782723014656,1440,541
674372068062928900,810,300
674330906434379776,540,71
674318007229923329,1339,491
674307341513269249,10790,6562
674291837063053312,13960,5530
674271431610523648,1480,691
674269164442398721,868,217
674265582246694913,1550,800
674262580978937856,1244,427
674255168825880576,1389,515
674082852460433408,724,157
674075285688614912,942,268
674063288070742018,6052,2064
674053186244734976,3125,1217
674051556661161984,1382,463
674045139690631169,1336,605
674042553264685056,684,119
674038233588723717,1053,398
674036086168010753,812,193
674024893172875264,1692,1152
674019345211760640,1073,287
674014384960745472,1478,603
674008982932058114,1135,335
673956914389192708,1851,903
673919437611909120,1112,351
673906403526995968,3012,1545
673887867907739649,888,240
673716320723169284,2924,709
673715861853720576,3350,1942
673711475735838725,992,283
673709992831262724,796,252
673708611235921920,1019,269
673707060090052608,1037,367
673705679337693185,1194,387
673700254269775872,1350,537
673697980713705472,3753,1847
673689733134946305,1644,609
673688752737402881,1195,464
673686845050527744,1358,407
673680198160809984,1302,436
673662677122719744,1187,345
673656262056419329,686,221
673636718965334016,1040,339
673612854080196609,1512,676
673583129559498752,1137,338
673580926094458881,787,260
673576835670777856,1308,530
673363615379013632,972,287
673359818736984064,1369,629
673355879178194945,1420,537
673352124999274496,1579,509
673350198937153538,715,194
673345638550134785,2377,1184
673343217010679808,917,254
673342308415348736,1206,538
673320132811366400,12742,7390
673317986296586240,835,238
673295268553605120,7115,2968
673270968295534593,1014,343
673240798075449344,1359,671
673213039743795200,2115,789
673148804208660480,1608,588
672997845381865473,1871,669
672995267319328768,901,271
672988786805112832,930,271
672984142909456390,1191,512
672980819271634944,1721,951
672975131468300288,1585,848
672970152493887488,900,336
672968025906282496,1258,507
672964561327235073,1354,607
672902681409806336,1293,463
672898206762672129,851,399
672884426393653248,1454,792
672877615439593473,977,330
672834301050937345,1243,535
672828477930868736,1183,458
672640509974827008,925,296
672622327801233409,1222,454
672614745925664768,1160,547
672609152938721280,1050,365
672604026190569472,1048,376
672594978741354496,1261,575
672591762242805761,898,315
672591271085670400,680,176
672538107540070400,968,343
672523490734551040,592,157
672488522314567680,1049,404
672482722825261057,1062,560
672481316919734272,682,122
672475084225949696,1367,656
672466075045466113,1283,496
672272411274932228,6087,3147
672267570918129665,1408,575
672264251789176834,1073,314
672256522047614977,2674,1440
672254177670729728,1361,696
672248013293752320,1642,563
672245253877968896,645,145
672239279297454080,849,302
672231046314901505,1717,946
672222792075620352,743,199
672205392827572224,2132,1079
672169685991993344,965,344
672160042234327040,832,336
672139350159835138,1649,650
672125275208069120,2255,1075
672095186491711488,938,343
672082170312290304,895,344
672068090318987265,1218,477
671896809300709376,8048,3920
671891728106971137,1237,534
671882082306625538,3272,1301
671879137494245376,1339,620
671874878652489728,1187,518
671866342182637568,1057,459
671855973984772097,851,407
671789708968640512,6671,3242
671768281401958400,1125,461
671763349865160704,1581,844
671744970634719232,1276,714
671743150407421952,714,223
671735591348891648,1364,702
671729906628341761,8031,4077
671561002136281088,12070,6779
671550332464455680,859,197
671547767500775424,1266,550
671544874165002241,1852,980
671542985629241344,1027,529
671538301157904385,875,360
671536543010570240,1105,377
671533943490011136,958,543
671528761649688577,790,239
671520732782923777,1315,495
671518598289059840,892,276
671511350426865664,1497,658
671504605491109889,6590,3340
671497587707535361,867,420
671488513339211776,942,449
671486386088865792,542,183
671485057807351808,719,219
671390180817915904,1360,695
671362598324076544,1042,278
671357843010908160,376,146
671355857343524864,457,112
671347597085433856,903,394
671186162933985280,693,193
671182547775299584,1051,314
671166507850801152,826,321
671163268581498880,1552,1024
671159727754231808,343,74
671154572044468225,666,206
671151324042559489,628,141
671147085991960577,627,201
671141549288370177,1085,616
671138694582165504,876,374
671134062904504320,700,177
671122204919246848,3287,2343
671115716440031232,1291,725
671109016219725825,1076,407
670995969505435648,1040,272
670842764863651840,23324,8125
670840546554966016,548,181
670838202509447168,1046,645
670833812859932673,412,113
670832455012716544,688,200
670826280409919488,5202,3800
670823764196741120,730,174
670822709593571328,571,89
670815497391357952,2991,1441
670811965569282048,1063,253
670807719151067136,1102,458
670804601705242624,1844,899
670803562457407488,321,83
670797304698376195,695,219
670792680469889025,781,257
670789397210615808,622,223
670786190031921152,564,187
670783437142401025,784,356
670782429121134593,1457,719
670780561024270336,752,270
670778058496974848,314,69
670764103623966721,1019,392
670755717859713024,413,98
670733412878163972,903,476
670727704916926465,786,335
670717338665226240,1120,447
670704688707301377,730,345
670691627984359425,555,226
670679630144274432,707,263
670676092097810432,232,38
670668383499735048,10080,4673
670474236058800128,1416,689
670468609693655041,337,82
670465786746662913,917,508
670452855871037440,518,189
670449342516494336,1141,605
670444955656130560,6358,1866
670442337873600512,608,187
670435821946826752,998,480
670434127938719744,1335,601
670433248821026816,311,103
670428280563085312,1313,578
670427002554466305,491,148
670421925039075328,1228,596
670420569653809152,583,295
670417414769758208,537,302
670411370698022913,1899,831
670408998013820928,520,205
670403879788544000,405,143
670385711116361728,531,191
670374371102445568,706,251
670361874861563904,311,60
670338931251150849,404,101
670319130621435904,3679,1140
670303360680108032,410,123
670290420111441920,656,267
670093938074779648,971,308
670086499208155136,657,234
670079681849372674,2092,1142
670073503555706880,1474,737
670069087419133954,585,223
670061506722140161,713,310
670055038660800512,628,302
670046952931721218,610,160
670040295598354432,710,104
670037189829525505,559,255
670003130994700288,314,84
669993076832759809,304,77
669972011175813120,417,146
669970042633789440,283,51
669942763794931712,475,148
669926384437997569,355,89
669923323644657664,221,53
669753178989142016,756,372
669749430875258880,243,61
669684865554620416,480,83
669683899023405056,360,102
669682095984410625,330,125
669680153564442624,631,268
669661792646373376,763,400
669625907762618368,3317,1691
669603084620980224,895,337
669597912108789760,483,141
669583744538451968,1397,866
669573570759163904,408,130
669571471778410496,1490,947
669567591774625800,219,48
669564461267722241,367,112
669393256313184256,338,69
669375718304980992,1247,678
669371483794317312,460,166
669367896104181761,432,141
669363888236994561,588,214
669359674819481600,347,113
669354382627049472,2539,1194
669353438988365824,591,241
669351434509529089,407,169
669328503091937280,955,388
669327207240699904,542,113
669324657376567296,464,195
669216679721873412,1125,377
669214165781868544,410,149
669203728096960512,950,435
669037058363662336,616,288
669015743032369152,702,348
669006782128353280,545,227
669000397445533696,19709,5948
668994913074286592,416,209
668992363537309700,705,316
668989615043424256,632,308
668988183816871936,849,432
668986018524233728,517,152
668981893510119424,508,280
668979806671884288,752,328
668975677807423489,1234,545
668967877119254528,134,21
668960084974809088,662,227
668955713004314625,258,66
668932921458302977,245,53
668902994700836864,299,94
668892474547511297,376,137
668872652652679168,497,281
668852170888998912,423,149
668826086256599040,408,124
668815180734689280,521,243
668779399630725120,672,345
668655139528511488,491,203
668645506898350081,820,493
668643542311546881,815,483
668641109086707712,1005,501
668636665813057536,974,461
668633411083464705,2629,1491
668631377374486528,668,297
668627278264475648,295,103
668625577880875008,360,120
668623201287675904,1337,699
668620235289837568,186,37
668614819948453888,578,299
668587383441514497,1574,995
668567822092664832,225,49
668544745690562560,479,213
668542336805281792,427,197
668537837512433665,239,66
668528771708952576,435,205
668507509523615744,307,98
668496999348633600,379,121
668484198282485761,398,219
668480044826800133,430,134
668466899341221888,839,474
668297328638447616,590,274
668291999406125056,228,29
668286279830867968,473,127
668274247790391296,769,220
668268907921326080,518,219
668256321989451776,1212,555
668248472370458624,900,444
668237644992782336,5831,2640
668226093875376128,277,95
668221241640230912,486,182
668204964695683073,524,183
668190681446379520,607,187
668171859951755264,455,176
668154635664932864,467,289
668142349051129856,546,260
668113020489474048,629,218
667937095915278337,1176,740
667924896115245057,277,100
667915453470232577,197,53
667911425562669056,463,277
667902449697558528,807,355
667886921285246976,1757,999
667885044254572545,773,434
667878741721415682,371,110
667873844930215936,586,378
667866724293877760,2862,966
667861340749471744,230,74
667832474953625600,276,57
667806454573760512,987,452
667801013445750784,309,88
667793409583771648,657,309
667782464991965184,388,230
667773195014021121,219,50
667766675769573376,411,201
667728196545200128,358,143
667724302356258817,452,297
667550904950915073,0,31
667550882905632768,0,28
667549055577362432,5421,2098
667546741521195010,318,115
667544320556335104,807,492
667538891197542400,190,60
667534815156183040,764,490
667530908589760512,436,221
667524857454854144,1591,1046
667517642048163840,344,179
667509364010450944,6386,1987
667502640335572993,511,207
667495797102141441,491,246
667491009379606528,491,209
667470559035432960,239,89
667455448082227200,178,56
667453023279554560,294,81
667443425659232256,736,538
667437278097252352,423,219
667435689202614272,289,79
667405339315146752,435,207
667393430834667520,181,51
667369227918143488,344,151
667211855547486208,456,223
667200525029539841,575,241
667192066997374976,357,91
667188689915760640,699,368
667182792070062081,13391,5703
667177989038297088,179,51
667176164155375616,572,421
667174963120574464,231,72
667171260800061440,205,77
667165590075940865,2518,1043
667160273090932737,239,56
667152164079423490,44718,15680
667138269671505920,4291,2024
667119796878725120,311,121
667090893657276420,312,116
667073648344346624,374,109
667070482143944705,77,13
667065535570550784,159,41
667062181243039745,204,48
667044094246576128,174,44
667012601033924608,421,204
666996132027977728,225,81
666983947667116034,2382,904
666837028449972224,755,510
666835007768551424,196,74
666826780179869698,237,84
666817836334096384,477,233
666804364988780544,217,84
666786068205871104,703,443
666781792255496192,358,175
666776908487630848,322,156
666739327293083650,219,60
666701168228331520,400,200
666691418707132416,172,44
666649482315059201,1046,570
666644823164719104,219,73
666454714377183233,477,197
666447344410484738,94,18
666437273139982337,113,42
666435652385423360,150,45
666430724426358785,291,173
666428276349472768,150,73
666421158376562688,293,102
666418789513326592,111,41
666411507551481857,401,288
666407126856765440,97,31
666396247373291520,154,73
666373753744588802,170,78
666362758909284353,707,503
666353288456101888,193,64
666345417576210432,270,128
666337882303524864,179,82
666293911632134144,457,313
666287406224695296,132,58
666273097616637952,157,70
666268910803644416,92,32
666104133288665088,13365,5854
666102155909144576,69,11
666099513787052032,141,58
666094000022159362,151,66
666082916733198337,100,41
666073100786774016,290,142
666071193221509120,133,52
666063827256086533,440,193
666058600524156928,103,52
666057090499244032,264,122
666055525042405380,404,216
666051853826850816,1105,759
666050758794694657,122,51
666049248165822465,95,40
666044226329800704,265,126
666033412701032449,110,39
666029285002620928,119,41
666020888022790149,2370,455
